"logrank_p_reject","wlr_fh00_p_reject","wlr_fh01_p_reject","wlr_fh11_p_reject","wlr_fh10_p_reject","maxcombo_p_reject","cox_p_reject","rmst6_p_reject","rmst12_p_reject","cox_hr_bias","cox_hr_mse","rmst6_bias","rmst6_mse","rmst12_bias","rmst12_mse","mile6_bias","mile12_bias","replications","n_total","lambda0","cens_prop","prev","hr_overall","rel","hr_pos","hr_neg","true_hr_mix","true_rmst6","true_rmst12","true_mile6","true_mile12"
0.02,0.02,0.07,0.055,0.02,0.025,0.02,0.025,0.035,-0.0027959089620246,0.0115188209209376,-0.00028788982189468,0.0150126908026278,0.0168033154234757,0.109789713061218,0.00172157716670756,0.00170945875324123,200,300,0.0192540883488874,0,0.1,1,0.9,0.9,1.01111111111111,1,1.36362869902484e-05,0.00010036607559627,6.62815457286303e-06,2.37013429341681e-05
0.045,0.045,0.05,0.045,0.05,0.025,0.045,0.035,0.045,-0.00157061271349594,0.0121192712260385,-0.000686779112235736,0.0370246631948819,-0.00052539819456614,0.214781599917395,-0.000978868468047552,0.00186783147606544,200,300,0.0577622650466621,0,0.1,1,0.9,0.9,1.01111111111111,1,0.000103933286710323,0.000650450246798329,4.7673763319156e-05,0.000136248945139306
0.055,0.055,0.035,0.05,0.065,0.04,0.055,0.055,0.07,0.0152430105450621,0.0158737243957624,0.00456607834266272,0.0577764285732824,0.00405110918396704,0.253415148337445,-0.000707080881584624,0.00049980846110664,200,300,0.115524530093324,0,0.1,1,0.9,0.9,1.01111111111111,1,0.000325225123399164,0.00161548764604813,0.000136248945139306,0.000278278285172906
0.05,0.05,0.05,0.08,0.05,0.045,0.05,0.045,0.06,0.0195964690064342,0.0157783052516645,0.00515789346028989,0.0166099514655314,0.0111901819842147,0.118513541257084,0.00250773644659453,-0.000566305827709909,200,300,0.0192540883488874,0.1,0.1,1,0.9,0.9,1.01111111111111,1,1.36362869902484e-05,0.00010036607559627,6.62815457286303e-06,2.37013429341681e-05
0.055,0.055,0.06,0.055,0.07,0.02,0.055,0.065,0.065,0.00706665822202464,0.0158226516858788,0.0123679718721104,0.0447089976131873,0.025460820740253,0.238722302374104,0.0015021979269454,2.90869623849332e-05,200,300,0.0577622650466621,0.1,0.1,1,0.9,0.9,1.01111111111111,1,0.000103933286710323,0.000650450246798329,4.7673763319156e-05,0.000136248945139306
0.045,0.045,0.055,0.035,0.035,0.025,0.045,0.06,0.04,0.0125874860672391,0.0135266365890768,-0.00467056226908753,0.0563996929596476,0.00267996372473447,0.215489117949366,0.00150334946651804,0.000284393242648746,200,300,0.115524530093324,0.1,0.1,1,0.9,0.9,1.01111111111111,1,0.000325225123399164,0.00161548764604813,0.000136248945139306,0.000278278285172906
0.05,0.05,0.06,0.07,0.035,0.035,0.05,0.05,0.085,0.0117053327515939,0.0191624585137588,-0.00519374089886324,0.0197831943556657,-0.00769407059672603,0.140285399338199,-0.000721366005787878,-0.000272834582733048,200,300,0.0192540883488874,0.3,0.1,1,0.9,0.9,1.01111111111111,1,1.36362869902484e-05,0.00010036607559627,6.62815457286303e-06,2.37013429341681e-05
0.025,0.025,0.045,0.035,0.04,0.025,0.025,0.065,0.05,-0.00958513885036137,0.0174536006238893,0.0280929264070037,0.0441937074521153,0.0482428277571271,0.244604504397274,0.00520847045214913,0.00396135879857181,200,300,0.0577622650466621,0.3,0.1,1,0.9,0.9,1.01111111111111,1,0.000103933286710323,0.000650450246798329,4.7673763319156e-05,0.000136248945139306
0.065,0.065,0.055,0.06,0.06,0.055,0.065,0.045,0.06,0.0110191153238721,0.0239421313140696,-0.0108844440195226,0.0627157119612988,0.00347900187499671,0.32972441034881,-0.00122345771883637,0.00523771522617564,200,300,0.115524530093324,0.3,0.1,1,0.9,0.9,1.01111111111111,1,0.000325225123399164,0.00161548764604813,0.000136248945139306,0.000278278285172906
0.045,0.045,0.045,0.045,0.035,0.025,0.045,0.02,0.035,0.00455340946360545,0.012913353415683,-0.00871234651922878,0.014582520286372,-0.00627020911012094,0.0987745625673384,-0.00106015613699235,0.00120546387033555,200,300,0.0192540883488874,0,0.3,1,0.9,0.9,1.04285714285714,1,5.25492354785939e-05,0.000386426844634968,2.5534550787687e-05,9.11968825599851e-05
0.04,0.04,0.06,0.04,0.06,0.03,0.04,0.07,0.06,-0.0016295500198078,0.0140152277612412,0.0311822483867609,0.0475882505317627,0.0623927192797958,0.260522436161113,0.00656563112909565,0.00183674523069924,200,300,0.0577622650466621,0,0.3,1,0.9,0.9,1.04285714285714,1,0.000399807294170884,0.00249569782386594,0.000183214353567274,0.000521725092659131
0.03,0.03,0.04,0.035,0.045,0.025,0.025,0.04,0.04,-0.00482781269103688,0.0118432211942129,0.0345353159141647,0.0521885380114787,0.0442460029222379,0.2241088102039,0.00552844050808677,-0.00136164258987487,200,300,0.115524530093324,0,0.3,1,0.9,0.9,1.04285714285714,1,0.00124784891193297,0.00616893048093559,0.000521725092659131,0.00105800457335675
0.05,0.05,0.055,0.035,0.035,0.02,0.05,0.035,0.06,0.00479594553441848,0.0151227405645333,0.00773842324035192,0.0157053477287738,0.0237806631848143,0.121098851738034,0.000401043317081078,0.00361106627388289,200,300,0.0192540883488874,0.1,0.3,1,0.9,0.9,1.04285714285714,1,5.25492354785939e-05,0.000386426844634968,2.5534550787687e-05,9.11968825599851e-05
0.045,0.045,0.055,0.025,0.06,0.025,0.045,0.065,0.07,0.0048903382632388,0.0138616081146404,0.00550476742211357,0.0444258753216344,-0.00845871830056721,0.25947717200692,-0.00134302562569068,-0.00365852724632382,200,300,0.0577622650466621,0.1,0.3,1,0.9,0.9,1.04285714285714,1,0.000399807294170884,0.00249569782386594,0.000183214353567274,0.000521725092659131
0.075,0.075,0.055,0.06,0.075,0.06,0.07,0.075,0.09,0.0139515453124947,0.0188352104126081,-0.0183852815441206,0.0617824555144036,-0.0369940137078937,0.26867310395209,-0.00399780518225549,-0.00456005242188601,200,300,0.115524530093324,0.1,0.3,1,0.9,0.9,1.04285714285714,1,0.00124784891193297,0.00616893048093559,0.000521725092659131,0.00105800457335675
0.06,0.06,0.075,0.06,0.07,0.03,0.06,0.045,0.06,-0.00504235733411604,0.0214183259386567,-0.0110707177656907,0.0177390932603492,-0.0292109626965685,0.128479157850596,-0.0031069960019689,-0.00360831457986792,200,300,0.0192540883488874,0.3,0.3,1,0.9,0.9,1.04285714285714,1,5.25492354785939e-05,0.000386426844634968,2.5534550787687e-05,9.11968825599851e-05
0.03,0.03,0.04,0.04,0.035,0.03,0.03,0.025,0.03,-0.0198562483726602,0.0145275927613217,0.0334121633434271,0.0348850593041547,0.0913039723093742,0.205453054455894,0.00748389960850028,0.00846267929959722,200,300,0.0577622650466621,0.3,0.3,1,0.9,0.9,1.04285714285714,1,0.000399807294170884,0.00249569782386594,0.000183214353567274,0.000521725092659131
0.035,0.035,0.045,0.035,0.06,0.035,0.035,0.06,0.06,0.0180212791451177,0.0201961707828416,-0.00631961870587037,0.0603596889388449,-0.0373368082180729,0.285699759698138,-0.000526942543955518,-0.00645603399582072,200,300,0.115524530093324,0.3,0.3,1,0.9,0.9,1.04285714285714,1,0.00124784891193297,0.00616893048093559,0.000521725092659131,0.00105800457335675
0.025,0.025,0.025,0.03,0.045,0.01,0.025,0.055,0.035,-0.00279119382544458,0.0112907549211799,0.00788889396335839,0.0140400909299206,0.0173631991661741,0.0981733840037427,0.00263224409549142,0.00112914993159272,200,300,0.0192540883488874,0,0.5,1,0.9,0.9,1.1,1,0.000122414232980539,0.000898736882191997,5.94499631501044e-05,0.000211862652451766
0.06,0.06,0.08,0.055,0.055,0.04,0.06,0.06,0.06,-0.0132828624738613,0.0151190222455889,0.00162467992627665,0.0444283247651142,0.0242074029651472,0.246477440925194,0.00124227465718342,0.00361659690594201,200,300,0.0577622650466621,0,0.5,1,0.9,0.9,1.1,1,0.000928382475985146,0.00576858913363765,0.000424706988457646,0.00120161351827508
0.04,0.04,0.04,0.055,0.035,0.035,0.04,0.045,0.035,0.00340521101927079,0.0133805382262158,-0.00986986146599368,0.0473165756711497,-0.016442001349689,0.21921373880973,-0.0007973599616343,-0.00143656299337199,200,300,0.115524530093324,0,0.5,1,0.9,0.9,1.1,1,0.00288429456681882,0.0141387420584911,0.00120161351827508,0.00240611478664488
0.015,0.015,0.055,0.02,0.02,0.01,0.015,0.03,0.02,0.004075736592648,0.0133981715803671,-0.00438413899892252,0.0130250960878983,-0.019837599015946,0.0941382319364703,-0.00292233414257826,-0.000896084414710201,200,300,0.0192540883488874,0.1,0.5,1,0.9,0.9,1.1,1,0.000122414232980539,0.000898736882191997,5.94499631501044e-05,0.000211862652451766
0.065,0.065,0.075,0.09,0.05,0.035,0.065,0.04,0.025,-0.0139775080090594,0.0175752642355477,0.0148896004032092,0.0319373975654954,0.0421015284942551,0.19446027406971,0.00693284400045507,0.00267962465124096,200,300,0.0577622650466621,0.1,0.5,1,0.9,0.9,1.1,1,0.000928382475985146,0.00576858913363765,0.000424706988457646,0.00120161351827508
0.065,0.065,0.075,0.07,0.065,0.055,0.065,0.07,0.085,0.0169053055385444,0.0185580797397384,-0.00604839059654026,0.0657063289641849,-0.0206560992678568,0.300997046091771,-0.000493518449457861,-0.00762614548048813,200,300,0.115524530093324,0.1,0.5,1,0.9,0.9,1.1,1,0.00288429456681882,0.0141387420584911,0.00120161351827508,0.00240611478664488
0.08,0.08,0.08,0.085,0.06,0.065,0.08,0.055,0.07,0.00559033287378165,0.0262739680917224,-0.00589793923956147,0.020199979048361,-0.0154285015565605,0.149867044007467,-0.00240798373742354,-0.00259260578334827,200,300,0.0192540883488874,0.3,0.5,1,0.9,0.9,1.1,1,0.000122414232980539,0.000898736882191997,5.94499631501044e-05,0.000211862652451766
0.065,0.065,0.08,0.05,0.055,0.025,0.065,0.055,0.045,-0.000628520201720271,0.0249173715023737,0.00458959978240029,0.0385382745366047,0.0217195112029566,0.251942770894777,0.000629043541481912,0.00145332473316507,200,300,0.0577622650466621,0.3,0.5,1,0.9,0.9,1.1,1,0.000928382475985146,0.00576858913363765,0.000424706988457646,0.00120161351827508
0.075,0.075,0.06,0.05,0.045,0.03,0.075,0.05,0.055,0.00368174413549564,0.0191157459889396,-0.00241204021761748,0.0630351079032054,0.0140248580527956,0.289451495445416,-0.00251673554359251,0.00496675280588482,200,300,0.115524530093324,0.3,0.5,1,0.9,0.9,1.1,1,0.00288429456681882,0.0141387420584911,0.00120161351827508,0.00240611478664488
0.195,0.195,0.2,0.195,0.155,0.145,0.195,0.095,0.13,-0.0107648500434669,0.0134389898460846,0.00184707096398121,0.0198327926639915,0.0162307973930904,0.149214000910135,-0.000343936682286646,0.00211033665793798,200,300,0.0192540883488874,0,0.1,0.9,0.9,0.81,0.91,0.9,0.0322342348302529,0.120003916878737,0.0103571737951571,0.0185715036862932
0.2,0.2,0.185,0.18,0.145,0.145,0.2,0.055,0.105,-0.0108715609830872,0.0115552694890378,0.00808841085526185,0.0337230766721697,0.014186633322287,0.221776672443017,-0.000802576866469725,0.00323661277634763,200,300,0.0577622650466621,0,0.1,0.9,0.9,0.81,0.91,0.9,0.0838252274817259,0.272035080091452,0.0249760029996726,0.0360047678974331
0.165,0.165,0.14,0.125,0.115,0.08,0.16,0.115,0.105,0.0047457092052149,0.00996085609103319,0.000962362978657298,0.0586108605935345,-0.0159532722679689,0.26259371378812,-0.00311139217052754,-0.00579780306478104,200,300,0.115524530093324,0,0.1,0.9,0.9,0.81,0.91,0.9,0.136017540045726,0.36524064682251,0.0360047678974331,0.037432420577603
0.105,0.105,0.095,0.105,0.09,0.06,0.105,0.06,0.1,0.0107960434103261,0.0108454013016514,0.0113224647392967,0.0147913221500574,0.04370411770185,0.116086543416469,0.00631867538102128,0.00666214208312854,200,300,0.0192540883488874,0.1,0.1,0.9,0.9,0.81,0.91,0.9,0.0322342348302529,0.120003916878737,0.0103571737951571,0.0185715036862932
0.145,0.145,0.13,0.105,0.145,0.115,0.145,0.085,0.09,0.001135684694522,0.0118447020357993,0.0112823521159415,0.0407546867413161,0.0149918050883643,0.240320895666657,0.00275443557316494,-0.00135251000176939,200,300,0.0577622650466621,0.1,0.1,0.9,0.9,0.81,0.91,0.9,0.0838252274817259,0.272035080091452,0.0249760029996726,0.0360047678974331
0.175,0.175,0.135,0.165,0.18,0.15,0.17,0.12,0.17,-0.00491201277877988,0.0144384120241422,0.0334988160936565,0.0593468067895053,0.0636220104613419,0.285269340224317,0.00586242404757949,0.00195320523521251,200,300,0.115524530093324,0.1,0.1,0.9,0.9,0.81,0.91,0.9,0.136017540045726,0.36524064682251,0.0360047678974331,0.037432420577603
0.11,0.11,0.09,0.11,0.085,0.065,0.11,0.065,0.085,0.0138429194982523,0.0171744137686796,-0.0210054165666272,0.017454239194645,-0.0507882252570067,0.147276085740517,-0.00513154044857891,-0.00558524886084411,200,300,0.0192540883488874,0.3,0.1,0.9,0.9,0.81,0.91,0.9,0.0322342348302529,0.120003916878737,0.0103571737951571,0.0185715036862932
0.13,0.13,0.13,0.105,0.145,0.075,0.125,0.065,0.12,0.00666911221302037,0.0194906274752672,0.0104809571659117,0.0390656124075052,0.0227576968602679,0.258357063463806,0.00397524007219224,0.00178315818585642,200,300,0.0577622650466621,0.3,0.1,0.9,0.9,0.81,0.91,0.9,0.0838252274817259,0.272035080091452,0.0249760029996726,0.0360047678974331
0.105,0.105,0.135,0.09,0.095,0.075,0.105,0.07,0.1,0.0234718947194866,0.0192226589547359,-0.0237743389870393,0.0632586874247362,-0.0606797346893435,0.305126241596151,-0.00162651953949718,-0.00357503892790794,200,300,0.115524530093324,0.3,0.1,0.9,0.9,0.81,0.91,0.9,0.136017540045726,0.36524064682251,0.0360047678974331,0.037432420577603
0.17,0.17,0.115,0.14,0.125,0.11,0.17,0.09,0.08,-0.000757142051700522,0.0104130401944322,-0.00336933151437656,0.0188646623522767,-0.0160507701934875,0.129578472293542,-0.00245152519322312,-0.00103088486974764,200,300,0.0192540883488874,0,0.3,0.9,0.9,0.81,0.938571428571429,0.9,0.0322660228730962,0.120239568735235,0.0103726631539826,0.0186274328584717
0.14,0.14,0.115,0.15,0.12,0.11,0.14,0.08,0.095,0.00803895261569502,0.0108110606335024,-0.01333483545358,0.0406469040204572,-0.0184996452095277,0.249938533279119,-0.00177017328293149,-0.00124893946713634,200,300,0.0577622650466621,0,0.3,0.9,0.9,0.81,0.938571428571429,0.9,0.0840709921869038,0.273605444850251,0.0250896008947581,0.0363390437122686
0.18,0.18,0.12,0.18,0.13,0.12,0.18,0.105,0.135,0.00514554730037021,0.0124487717852539,0.00228866200427852,0.0677312439825112,-0.000899043645848718,0.306453271570386,-0.000688203121620537,0.000359350816065526,200,300,0.115524530093324,0,0.3,0.9,0.9,0.81,0.938571428571429,0.9,0.136802722425125,0.369296268164828,0.0363390437122686,0.0381562468959693
0.175,0.175,0.165,0.13,0.125,0.09,0.175,0.035,0.065,0.00227615413197426,0.0135817909316694,-0.000532353658002922,0.0159590066034333,0.00744063814514056,0.115856833438016,0.000971520725867489,0.00122944777125203,200,300,0.0192540883488874,0.1,0.3,0.9,0.9,0.81,0.938571428571429,0.9,0.0322660228730962,0.120239568735235,0.0103726631539826,0.0186274328584717
0.115,0.115,0.1,0.12,0.11,0.07,0.115,0.085,0.075,0.00990109191863107,0.0121031732550329,0.0113152259418702,0.0360752380520247,0.0405117155015037,0.196450134825372,0.00330574732641894,0.00306355164459536,200,300,0.0577622650466621,0.1,0.3,0.9,0.9,0.81,0.938571428571429,0.9,0.0840709921869038,0.273605444850251,0.0250896008947581,0.0363390437122686
0.135,0.135,0.11,0.115,0.125,0.095,0.135,0.1,0.115,-0.000493892133798267,0.0111947840978555,0.0137236250399193,0.0579633098329969,0.0366699586722069,0.250356772102319,0.0046379576665198,0.00120584142046834,200,300,0.115524530093324,0.1,0.3,0.9,0.9,0.81,0.938571428571429,0.9,0.136802722425125,0.369296268164828,0.0363390437122686,0.0381562468959693
0.12,0.12,0.095,0.1,0.105,0.065,0.105,0.07,0.075,0.00721666268746064,0.0151948403822016,-0.00337937481413774,0.0184328565242934,-0.0173302976346803,0.136663459213514,-0.000363195770819836,-0.00439096473014106,200,300,0.0192540883488874,0.3,0.3,0.9,0.9,0.81,0.938571428571429,0.9,0.0322660228730962,0.120239568735235,0.0103726631539826,0.0186274328584717
0.12,0.12,0.11,0.115,0.125,0.095,0.12,0.07,0.085,0.0076181937181588,0.0164440374807662,-0.0124136002558497,0.0453610750974685,-0.0171412983910781,0.263242457927571,-0.00197700292223659,-0.00265456497354335,200,300,0.0577622650466621,0.3,0.3,0.9,0.9,0.81,0.938571428571429,0.9,0.0840709921869038,0.273605444850251,0.0250896008947581,0.0363390437122686
0.14,0.14,0.115,0.1,0.095,0.075,0.14,0.075,0.11,0.00670688248358361,0.0158043659028059,0.00751554722179711,0.0601822427503739,0.0199628034260178,0.288131497174727,0.000559480935083164,-0.000368502326009743,200,300,0.115524530093324,0.3,0.3,0.9,0.9,0.81,0.938571428571429,0.9,0.136802722425125,0.369296268164828,0.0363390437122686,0.0381562468959693
0.18,0.18,0.16,0.15,0.13,0.125,0.175,0.06,0.065,-0.0163146292226078,0.0111694523936498,0.00968466693348589,0.0142384640728252,0.029779325095284,0.101800250815221,0.00154599549906741,0.0031867296491786,200,300,0.0192540883488874,0,0.5,0.9,0.9,0.81,0.99,0.9,0.0323231101438388,0.120661811600556,0.0104004583656963,0.0187274888005805
0.17,0.17,0.155,0.15,0.14,0.12,0.17,0.09,0.1,-0.00706109640157085,0.0107314429265835,0.00484047979507526,0.0381953968250678,0.00515369672649999,0.225956045712407,0.00161804748788617,0.000729814464866025,200,300,0.0577622650466621,0,0.5,0.9,0.9,0.81,0.99,0.9,0.0845103720178813,0.276394709747924,0.0252922042542544,0.0369298164812857
0.23,0.23,0.19,0.175,0.185,0.145,0.23,0.115,0.165,-0.013987312775175,0.0123612442310853,0.0122798145348584,0.0635747289236308,0.0319528807688994,0.273219716871494,0.00400660756476466,0.00643572541397699,200,300,0.115524530093324,0,0.5,0.9,0.9,0.81,0.99,0.9,0.138197354873962,0.376412770368158,0.0369298164812857,0.0394126669039954
0.145,0.145,0.12,0.115,0.12,0.075,0.145,0.065,0.085,-0.00663026683306832,0.0107893228675332,0.000950599264892351,0.0152799900806807,0.00113957823655977,0.113659264075167,0.00145199563239533,-0.000874574155349259,200,300,0.0192540883488874,0.1,0.5,0.9,0.9,0.81,0.99,0.9,0.0323231101438388,0.120661811600556,0.0104004583656963,0.0187274888005805
0.175,0.175,0.14,0.145,0.12,0.085,0.17,0.08,0.1,-0.00210406506170081,0.0131742922868217,0.00449547885105515,0.0407988228091724,-0.000541460213044003,0.23280965599836,-0.000755806346890841,-0.0018261408675534,200,300,0.0577622650466621,0.1,0.5,0.9,0.9,0.81,0.99,0.9,0.0845103720178813,0.276394709747924,0.0252922042542544,0.0369298164812857
0.14,0.14,0.13,0.135,0.1,0.095,0.13,0.055,0.095,0.00500396100845729,0.0121740686558323,-0.0263207567117898,0.0500914398437818,-0.0334562509339765,0.239748253533644,-0.00745926714262838,-0.00132991279832599,200,300,0.115524530093324,0.1,0.5,0.9,0.9,0.81,0.99,0.9,0.138197354873962,0.376412770368158,0.0369298164812857,0.0394126669039954
0.11,0.11,0.105,0.115,0.085,0.06,0.11,0.055,0.065,0.0169870931958601,0.0179200874152438,-0.00455938931361073,0.0174041906723644,-0.0273637815734473,0.127669609613615,-0.00118149754322075,-0.00387555855742338,200,300,0.0192540883488874,0.3,0.5,0.9,0.9,0.81,0.99,0.9,0.0323231101438388,0.120661811600556,0.0104004583656963,0.0187274888005805
0.13,0.13,0.075,0.105,0.115,0.085,0.125,0.075,0.09,0.000625520319730215,0.0152040161728115,-0.000585579982950204,0.0370731107694331,0.00452858509528372,0.234128034279234,0.0011904749006244,0.000415933808989346,200,300,0.0577622650466621,0.3,0.5,0.9,0.9,0.81,0.99,0.9,0.0845103720178813,0.276394709747924,0.0252922042542544,0.0369298164812857
0.15,0.15,0.14,0.125,0.14,0.095,0.15,0.125,0.14,-0.00414773651382878,0.0179450937997287,0.0272500184866807,0.0591703289948889,0.0189234887351283,0.30743805248901,0.00536436057285465,-0.000104859858436821,200,300,0.115524530093324,0.3,0.5,0.9,0.9,0.81,0.99,0.9,0.138197354873962,0.376412770368158,0.0369298164812857,0.0394126669039954
0.445,0.445,0.355,0.37,0.34,0.325,0.445,0.105,0.13,0.0162859221326403,0.00939843757524954,0.0022678808399761,0.0130545093459423,-0.0166937082194373,0.112822958867944,-0.00040961477285169,-0.00464439652375804,200,300,0.0192540883488874,0,0.1,0.8,0.9,0.72,0.808888888888889,0.8,0.0647020149380735,0.241737461091773,0.0208281086118826,0.0375532345845322
0.5,0.5,0.39,0.44,0.435,0.4,0.5,0.16,0.265,-0.0022971642892882,0.00765501312232403,0.0126656324526698,0.0411943170941779,0.0484678936307987,0.232171220261103,0.00276850667792972,0.00363220462509287,200,300,0.0577622650466621,0,0.1,0.8,0.9,0.72,0.808888888888889,0.8,0.169452581201298,0.55555370730667,0.050784135639347,0.0744489272216842
0.415,0.415,0.32,0.385,0.38,0.305,0.405,0.285,0.355,0.0131196660907996,0.0100691765142116,0.00487386670556091,0.0551314212697484,-0.00436381303961515,0.258726246865985,-0.000514131420416263,-0.00165196838580072,200,300,0.115524530093324,0,0.1,0.8,0.9,0.72,0.808888888888889,0.8,0.277776853653335,0.75999407017002,0.0744489272216842,0.0801100061561579
0.425,0.425,0.325,0.355,0.32,0.325,0.415,0.065,0.075,0.0124924461825011,0.00909096959096795,-0.0263958807436461,0.0160169276400945,-0.0577107682530285,0.110484951250255,-0.00587446841310898,-0.00414385465310442,200,300,0.0192540883488874,0.1,0.1,0.8,0.9,0.72,0.808888888888889,0.8,0.0647020149380735,0.241737461091773,0.0208281086118826,0.0375532345845322
0.43,0.43,0.395,0.375,0.315,0.325,0.43,0.13,0.19,0.0103125121250147,0.0111303270587217,-0.0104976435765344,0.0385020410636854,-0.0418310979023619,0.22101023365244,-0.00489385024675366,-0.00329831605078207,200,300,0.0577622650466621,0.1,0.1,0.8,0.9,0.72,0.808888888888889,0.8,0.169452581201298,0.55555370730667,0.050784135639347,0.0744489272216842
0.45,0.45,0.325,0.355,0.37,0.29,0.45,0.18,0.33,0.0153639798884166,0.00997059099738585,-0.0312839375627877,0.0581240196155538,-0.0709076150128807,0.306317342249901,-0.00750785352125877,-0.00652972502991916,200,300,0.115524530093324,0.1,0.1,0.8,0.9,0.72,0.808888888888889,0.8,0.277776853653335,0.75999407017002,0.0744489272216842,0.0801100061561579
0.345,0.345,0.27,0.315,0.3,0.25,0.345,0.075,0.12,0.00459372796855368,0.0114634434243104,0.000230787487034867,0.0142091879841463,-0.00368140880506663,0.105799231094915,-0.000309260680443884,-0.00229421681651943,200,300,0.0192540883488874,0.3,0.1,0.8,0.9,0.72,0.808888888888889,0.8,0.0647020149380735,0.241737461091773,0.0208281086118826,0.0375532345845322
0.315,0.315,0.21,0.26,0.285,0.235,0.315,0.13,0.19,0.0246725814102185,0.0184102317341376,0.000407753380756044,0.0382151418620059,-0.0316569263106091,0.249154615375954,-0.00634135524297176,-0.00511505782144726,200,300,0.0577622650466621,0.3,0.1,0.8,0.9,0.72,0.808888888888889,0.8,0.169452581201298,0.55555370730667,0.050784135639347,0.0744489272216842
0.38,0.38,0.245,0.33,0.33,0.265,0.38,0.275,0.32,-0.0042665666097776,0.0118132810151984,0.0307788515310276,0.0564174806438302,0.0573270714983877,0.256127064112398,0.00364210446636134,0.00295391778687463,200,300,0.115524530093324,0.3,0.1,0.8,0.9,0.72,0.808888888888889,0.8,0.277776853653335,0.75999407017002,0.0744489272216842,0.0801100061561579
0.525,0.525,0.44,0.415,0.435,0.42,0.525,0.095,0.14,-0.00412303247679502,0.00806361539185113,0.0150681781991021,0.0174913160561501,0.0386701584262465,0.112623880195618,0.00385510711002419,0.00488278772752933,200,300,0.0192540883488874,0,0.3,0.8,0.9,0.72,0.834285714285714,0.8,0.0647273455424253,0.241926827179483,0.0208404871146214,0.0375984422273485
0.46,0.46,0.42,0.415,0.365,0.345,0.455,0.125,0.18,0.00593700498189777,0.0097292132659238,-0.0223545499910085,0.0388095121156275,-0.0723659162010778,0.246129124768549,-0.00595379699129782,-0.00880970773448549,200,300,0.0577622650466621,0,0.3,0.8,0.9,0.72,0.834285714285714,0.8,0.169651722968895,0.556857597401573,0.0508770069604235,0.0747316913489779
0.505,0.505,0.355,0.465,0.37,0.35,0.505,0.17,0.31,0.00437453594174054,0.00854235423560325,-0.0147387899631531,0.0528660454573117,0.0018410532746884,0.235611356529854,0.000572421824999796,0.00226148959731727,200,300,0.115524530093324,0,0.3,0.8,0.9,0.72,0.834285714285714,0.8,0.278428798700786,0.763520639473597,0.0747316913489779,0.080765463538567
0.42,0.42,0.32,0.375,0.335,0.305,0.42,0.085,0.105,0.0144504013961661,0.0106567962146186,-0.00153249671716243,0.0146995406853313,0.00514603360911934,0.107895597656116,0.00106094926994712,-0.000868113243241376,200,300,0.0192540883488874,0.1,0.3,0.8,0.9,0.72,0.834285714285714,0.8,0.0647273455424253,0.241926827179483,0.0208404871146214,0.0375984422273485
0.435,0.435,0.365,0.395,0.37,0.34,0.425,0.13,0.215,-0.00145569196456205,0.00842098694910827,0.0078694239148935,0.0327409951051999,0.011707767238594,0.186458990602497,0.000682372699562435,0.000908994975444447,200,300,0.0577622650466621,0.1,0.3,0.8,0.9,0.72,0.834285714285714,0.8,0.169651722968895,0.556857597401573,0.0508770069604235,0.0747316913489779
0.43,0.43,0.355,0.35,0.345,0.31,0.43,0.21,0.29,0.00644806513157883,0.009214963567776,-0.00187631460208657,0.0512034807761665,-0.0112997469169977,0.227388533425386,0.00121213171531096,-0.00139075629778604,200,300,0.115524530093324,0.1,0.3,0.8,0.9,0.72,0.834285714285714,0.8,0.278428798700786,0.763520639473597,0.0747316913489779,0.080765463538567
0.325,0.325,0.26,0.28,0.3,0.275,0.325,0.08,0.1,0.00958518176966999,0.0140404101346993,0.00121179922379148,0.0159411241894562,0.014942933389191,0.103560236339784,0.00131844557580118,0.00300237243698147,200,300,0.0192540883488874,0.3,0.3,0.8,0.9,0.72,0.834285714285714,0.8,0.0647273455424253,0.241926827179483,0.0208404871146214,0.0375984422273485
0.315,0.315,0.255,0.29,0.275,0.24,0.315,0.155,0.21,0.00801129767352434,0.0129909105167123,0.0126381394456369,0.0389024092420491,0.00445066055620499,0.227305979132244,0.000866207519209058,-0.00456718469237102,200,300,0.0577622650466621,0.3,0.3,0.8,0.9,0.72,0.834285714285714,0.8,0.169651722968895,0.556857597401573,0.0508770069604235,0.0747316913489779
0.395,0.395,0.31,0.32,0.37,0.29,0.395,0.255,0.36,-0.00528436127690506,0.0124195594271854,0.0120354166679283,0.0607829942031649,0.0596930563919812,0.306693821196889,0.00525580555884717,0.00689925048400755,200,300,0.115524530093324,0.3,0.3,0.8,0.9,0.72,0.834285714285714,0.8,0.278428798700786,0.763520639473597,0.0747316913489779,0.080765463538567
0.475,0.475,0.365,0.395,0.38,0.345,0.475,0.095,0.09,0.00858675935497816,0.00999460430150039,0.00844007962007072,0.0146684278726778,0.0155816607608359,0.103416985479905,0.00290415819473525,0.000499919947495691,200,300,0.0192540883488874,0,0.5,0.8,0.9,0.72,0.88,0.8,0.0647728476156253,0.242266304842428,0.0208627075676894,0.0376793726913867
0.46,0.46,0.415,0.4,0.38,0.35,0.46,0.145,0.215,0.00364242307992264,0.0101533297703034,-0.012254007744529,0.0379130112646165,-0.0429898451355426,0.226690988167817,-0.00580962267123556,-0.00305091666271003,200,300,0.0577622650466621,0,0.5,0.8,0.9,0.72,0.88,0.8,0.170008014172929,0.559176853502125,0.0510428129664776,0.0752324367302762
0.48,0.48,0.415,0.44,0.405,0.37,0.48,0.25,0.31,-0.000204057125138854,0.00970280288490541,-0.0139122994687188,0.0681585335531716,-0.0216528965906248,0.278010900879756,-0.00647269945737809,0.00259062184033694,200,300,0.115524530093324,0,0.5,0.8,0.9,0.72,0.88,0.8,0.279588426751062,0.769724890947479,0.0752324367302762,0.081907734840079
0.44,0.44,0.36,0.38,0.375,0.335,0.43,0.105,0.13,-0.000353109161279866,0.00818220788127165,0.00391218841235387,0.016738649690616,0.0182231057284177,0.124087422580335,0.000512732086654244,0.00241993104469242,200,300,0.0192540883488874,0.1,0.5,0.8,0.9,0.72,0.88,0.8,0.0647728476156253,0.242266304842428,0.0208627075676894,0.0376793726913867
0.465,0.465,0.395,0.435,0.395,0.385,0.465,0.2,0.28,-0.00784418270027,0.0104315570486946,0.0232160804369524,0.042562351396087,0.0303982670583451,0.247011906708829,0.00356570146169105,0.00241364287674737,200,300,0.0577622650466621,0.1,0.5,0.8,0.9,0.72,0.88,0.8,0.170008014172929,0.559176853502125,0.0510428129664776,0.0752324367302762
0.46,0.46,0.415,0.43,0.4,0.4,0.455,0.25,0.375,-0.00871589790116854,0.010588318994057,0.0116280501031961,0.0621071999647903,0.0238234015992752,0.275514916732194,0.00308698581099817,0.000391160784578395,200,300,0.115524530093324,0.1,0.5,0.8,0.9,0.72,0.88,0.8,0.279588426751062,0.769724890947479,0.0752324367302762,0.081907734840079
0.35,0.35,0.295,0.305,0.295,0.265,0.35,0.065,0.12,0.00585651383811561,0.0131257757129652,0.0057689587311509,0.0120752615178308,0.00926839019550856,0.0956095811781602,0.001981318314712,-3.95936178434703e-05,200,300,0.0192540883488874,0.3,0.5,0.8,0.9,0.72,0.88,0.8,0.0647728476156253,0.242266304842428,0.0208627075676894,0.0376793726913867
0.405,0.405,0.315,0.34,0.35,0.285,0.4,0.15,0.215,-0.00481043536926417,0.014019781614102,0.0115645183584837,0.0338438090077691,0.0175831004244601,0.250787891665616,0.00274669265938274,4.0331873829077e-05,200,300,0.0577622650466621,0.3,0.5,0.8,0.9,0.72,0.88,0.8,0.170008014172929,0.559176853502125,0.0510428129664776,0.0752324367302762
0.36,0.36,0.295,0.33,0.33,0.26,0.355,0.225,0.335,0.00154204878098057,0.0133550689588354,-0.00506324959500327,0.0605047888165662,0.00462923412157451,0.294867586539175,-0.000138260641727257,-0.000825086263974498,200,300,0.115524530093324,0.3,0.5,0.8,0.9,0.72,0.88,0.8,0.279588426751062,0.769724890947479,0.0752324367302762,0.081907734840079
0.87,0.87,0.785,0.8,0.755,0.78,0.87,0.12,0.175,0.00429207962432332,0.00731091177966394,-0.00321909067074768,0.0144290054285054,-0.0145204320110364,0.0927205325176878,-0.00131965627241306,0.000334847816789123,200,300,0.0192540883488874,0,0.1,0.7,0.9,0.63,0.707777777777778,0.7,0.0974191212707449,0.365332727010205,0.0314208343165187,0.0569790565340957
0.835,0.835,0.75,0.8,0.735,0.75,0.835,0.275,0.465,0.00540572803898781,0.00649539682003407,0.00021322691223125,0.0308786374514778,-0.00651206022961392,0.209418062824484,-0.000135241723644344,-0.000292788011887864,200,300,0.0577622650466621,0,0.1,0.7,0.9,0.63,0.707777777777778,0.7,0.257035515127169,0.851834360468406,0.0775031561911367,0.115653889180104
0.89,0.89,0.72,0.785,0.745,0.77,0.89,0.485,0.655,0.00704609049448939,0.0059050551865129,0.00769623705319287,0.0460796835516008,0.00458111643583005,0.196572060341825,0.000953547044555309,-0.0026154925493677,200,300,0.115524530093324,0,0.1,0.7,0.9,0.63,0.707777777777778,0.7,0.425917180234203,1.18905925825893,0.115653889180104,0.129133225107242
0.82,0.82,0.76,0.775,0.675,0.745,0.82,0.075,0.17,0.0102044267248588,0.00691721673691104,-0.0140162770909978,0.013174216197901,-0.0365407165348345,0.0966800049901393,-0.00313147195307304,-0.00454527537536531,200,300,0.0192540883488874,0.1,0.1,0.7,0.9,0.63,0.707777777777778,0.7,0.0974191212707449,0.365332727010205,0.0314208343165187,0.0569790565340957
0.85,0.85,0.76,0.755,0.72,0.74,0.85,0.305,0.505,-0.0020209305540969,0.00647053738014224,0.0177064563785955,0.0334577506158503,0.0382372736213532,0.20544447443962,0.00398552363771411,0.00148864896274539,200,300,0.0577622650466621,0.1,0.1,0.7,0.9,0.63,0.707777777777778,0.7,0.257035515127169,0.851834360468406,0.0775031561911367,0.115653889180104
0.77,0.77,0.64,0.68,0.71,0.645,0.77,0.465,0.65,0.0161098065945768,0.00845749311481138,0.0150584996308724,0.0561930605125068,-0.014943498191804,0.263999179643311,0.000247003980348628,-0.00800639772276542,200,300,0.115524530093324,0.1,0.1,0.7,0.9,0.63,0.707777777777778,0.7,0.425917180234203,1.18905925825893,0.115653889180104,0.129133225107242
0.665,0.665,0.575,0.6,0.625,0.565,0.665,0.125,0.22,0.0107788265392722,0.0131251433918036,0.00519040388948184,0.0139349123030313,0.0177821847629181,0.110348238450463,0.00262857620378321,0.00257645670161257,200,300,0.0192540883488874,0.3,0.1,0.7,0.9,0.63,0.707777777777778,0.7,0.0974191212707449,0.365332727010205,0.0314208343165187,0.0569790565340957
0.67,0.67,0.525,0.63,0.58,0.575,0.67,0.23,0.42,0.00929802923857111,0.0119887946132412,-0.0186151313283894,0.0411512892406736,-0.0187844578716097,0.250906134119012,-0.00365804809447545,0.00308012762683841,200,300,0.0577622650466621,0.3,0.1,0.7,0.9,0.63,0.707777777777778,0.7,0.257035515127169,0.851834360468406,0.0775031561911367,0.115653889180104
0.705,0.705,0.565,0.65,0.63,0.525,0.705,0.415,0.625,0.00292217904434584,0.00942614362347757,0.0146392951608264,0.0558323306843507,0.0322439957600305,0.280496889517462,0.00449522375689646,0.00128186709882697,200,300,0.115524530093324,0.3,0.1,0.7,0.9,0.63,0.707777777777778,0.7,0.425917180234203,1.18905925825893,0.115653889180104,0.129133225107242
0.86,0.86,0.745,0.765,0.76,0.77,0.86,0.15,0.2,0.00683860348221111,0.00728892601896105,0.0154670613304397,0.0139725478552775,0.0312352091845069,0.106361910543559,0.00180712738620163,0.00248444039439397,200,300,0.0192540883488874,0,0.3,0.7,0.9,0.63,0.73,0.7,0.0974386804504004,0.365480183370181,0.0314304200201806,0.0570144649667766
0.855,0.855,0.745,0.77,0.72,0.76,0.855,0.265,0.455,0.0112574092368197,0.00693728255831948,-0.0326863629986482,0.0357114412539518,-0.0752399930047222,0.206179609834321,-0.00491864227088044,-0.00601877551204776,200,300,0.0577622650466621,0,0.3,0.7,0.9,0.63,0.73,0.7,0.257191882614366,0.85288362830611,0.0775767285371257,0.11588566428739
0.9,0.9,0.82,0.865,0.76,0.815,0.9,0.415,0.655,-0.00506293382828079,0.00598487110579801,-0.0258836961412856,0.0456739151671537,-0.00981512229980522,0.204095745184235,-0.00366149763197908,0.00644497262519256,200,300,0.115524530093324,0,0.3,0.7,0.9,0.63,0.73,0.7,0.426441814153055,1.19203318238581,0.11588566428739,0.12970837844531
0.835,0.835,0.775,0.785,0.7,0.74,0.835,0.115,0.185,-0.00303502091017567,0.00819076753436157,0.00236710754001884,0.0129988737691557,-0.01405571567442,0.0982252795115309,-0.00107745538767004,-0.00192959092972317,200,300,0.0192540883488874,0.1,0.3,0.7,0.9,0.63,0.73,0.7,0.0974386804504004,0.365480183370181,0.0314304200201806,0.0570144649667766
0.805,0.805,0.72,0.735,0.72,0.72,0.805,0.275,0.42,0.00155377275868108,0.00996417643750512,-0.016861716254751,0.0371949831913191,-0.0413374126592462,0.237378033855557,-0.0031368412591826,-0.00322134470841008,200,300,0.0577622650466621,0.1,0.3,0.7,0.9,0.63,0.73,0.7,0.257191882614366,0.85288362830611,0.0775767285371257,0.11588566428739
0.815,0.815,0.685,0.735,0.695,0.695,0.81,0.42,0.625,0.0106411407834738,0.00831003609048248,-0.0142140474891793,0.0618277566601593,-0.0447107867248455,0.278338942512248,-0.0047116490965302,-0.000517848613318668,200,300,0.115524530093324,0.1,0.3,0.7,0.9,0.63,0.73,0.7,0.426441814153055,1.19203318238581,0.11588566428739,0.12970837844531
0.655,0.655,0.535,0.625,0.56,0.53,0.655,0.13,0.235,0.00745401026182381,0.0103932094611767,0.00217852251747759,0.0147840629112543,-0.00323189981732282,0.102879041367085,-0.000765595351492906,-0.00129876518199209,200,300,0.0192540883488874,0.3,0.3,0.7,0.9,0.63,0.73,0.7,0.0974386804504004,0.365480183370181,0.0314304200201806,0.0570144649667766
0.725,0.725,0.62,0.68,0.62,0.63,0.715,0.235,0.455,-3.44330662033371e-05,0.00889247164778293,-0.019237700959109,0.0386921340787337,-0.0173338657220009,0.214935523895013,-0.00274196007944366,0.00161378265090714,200,300,0.0577622650466621,0.3,0.3,0.7,0.9,0.63,0.73,0.7,0.257191882614366,0.85288362830611,0.0775767285371257,0.11588566428739
0.7,0.7,0.595,0.645,0.62,0.605,0.7,0.415,0.595,0.00713436951041701,0.0101716293249012,-0.0206093507226713,0.0530446244764203,-0.0153431382875388,0.266750909747518,-0.00249222546342552,-0.00120783944832201,200,300,0.115524530093324,0.3,0.3,0.7,0.9,0.63,0.73,0.7,0.426441814153055,1.19203318238581,0.11588566428739,0.12970837844531
0.885,0.885,0.785,0.82,0.765,0.8,0.885,0.135,0.225,0.00290189073789009,0.00551246978630086,-0.00764063501914456,0.0148678634465812,-0.0142587982684907,0.113358893677503,-0.00120749722217955,-0.00150574122014446,200,300,0.0192540883488874,0,0.5,0.7,0.9,0.63,0.77,0.7,0.097473824076606,0.365744662067605,0.0314476330407162,0.0570778961390582
0.85,0.85,0.79,0.81,0.765,0.785,0.85,0.29,0.455,-0.00334835654847263,0.00765860330202746,0.00304029383518185,0.0360098092725235,0.0190604149343047,0.228607191718743,-0.000543767493369718,0.00369972665768652,200,300,0.0577622650466621,0,0.5,0.7,0.9,0.63,0.77,0.7,0.25747185346677,0.854752668943688,0.0777082134586239,0.116296944967343
0.89,0.89,0.795,0.81,0.735,0.8,0.89,0.49,0.68,-0.00587242241459271,0.00792916632554224,0.0219111051775178,0.0622667092366817,0.0273533913423728,0.289955446798289,0.0033610217231168,0.000843024298665486,200,300,0.115524530093324,0,0.5,0.7,0.9,0.63,0.77,0.7,0.427376334471844,1.19727909452604,0.116296944967343,0.13071470712456
0.865,0.865,0.77,0.81,0.785,0.765,0.865,0.11,0.15,-0.00853909879526096,0.00688626969587194,-0.0150624622645686,0.0143998104654015,-0.0441747155127305,0.104393276926973,-0.00308742646806495,-0.00594405941386039,200,300,0.0192540883488874,0.1,0.5,0.7,0.9,0.63,0.77,0.7,0.097473824076606,0.365744662067605,0.0314476330407162,0.0570778961390582
0.82,0.82,0.68,0.75,0.71,0.715,0.82,0.285,0.475,0.00230518914593651,0.00951063012384592,0.00859618195170774,0.0360207490611641,-0.00429069278493414,0.236870399477723,0.000191931475228621,-0.00248407851258659,200,300,0.0577622650466621,0.1,0.5,0.7,0.9,0.63,0.77,0.7,0.25747185346677,0.854752668943688,0.0777082134586239,0.116296944967343
0.835,0.835,0.75,0.78,0.75,0.75,0.835,0.465,0.675,-0.0110876052411187,0.00792355883696899,0.00717521163508831,0.0602257898729739,0.0335055314210474,0.293057455085502,0.00540646074445755,0.00532447235994116,200,300,0.115524530093324,0.1,0.5,0.7,0.9,0.63,0.77,0.7,0.427376334471844,1.19727909452604,0.116296944967343,0.13071470712456
0.69,0.69,0.635,0.635,0.62,0.635,0.69,0.105,0.215,-0.00299423357090584,0.0107451129946843,0.000530218008268957,0.0134265333761237,-0.012247456036342,0.106998007933095,0.0001743794428968,-0.001228357696083,200,300,0.0192540883488874,0.3,0.5,0.7,0.9,0.63,0.77,0.7,0.097473824076606,0.365744662067605,0.0314476330407162,0.0570778961390582
0.725,0.725,0.59,0.695,0.645,0.645,0.725,0.265,0.49,-0.00283935479725847,0.0129693607254254,0.004316960391301,0.0401838733873065,0.0281865305824686,0.264636986141735,0.00377899776109057,0.00398654996282597,200,300,0.0577622650466621,0.3,0.5,0.7,0.9,0.63,0.77,0.7,0.25747185346677,0.854752668943688,0.0777082134586239,0.116296944967343
0.68,0.68,0.585,0.66,0.65,0.59,0.68,0.455,0.625,0.000556189390314272,0.0115233047030555,0.0158489410248495,0.0620286521037347,0.0294750562584157,0.344650972423262,0.00306799625854304,0.00151086600290576,200,300,0.115524530093324,0.3,0.5,0.7,0.9,0.63,0.77,0.7,0.427376334471844,1.19727909452604,0.116296944967343,0.13071470712456
0.07,0.07,0.065,0.065,0.075,0.03,0.065,0.06,0.06,0.0151328528678766,0.0157317328438741,-0.0057015795311914,0.016704525451517,-0.0246562775331513,0.130231059338676,-0.00139677798455197,-0.00337195055993863,200,300,0.0192540883488874,0,0.1,1,0.8,0.8,1.02222222222222,1,5.46849814790917e-05,0.000403519503091587,2.66038579375127e-05,9.54614088470862e-05
0.065,0.065,0.05,0.06,0.055,0.045,0.065,0.045,0.065,-0.004385720984519,0.014458744358331,0.00437596826113595,0.0365747336780086,0.00831726844078371,0.219530609649692,0.00134055446236332,0.00331020183808018,200,300,0.0577622650466621,0,0.1,1,0.8,0.8,1.02222222222222,1,0.000418920004820578,0.00264144256733978,0.000192685106074952,0.000556556570345812
0.05,0.05,0.055,0.045,0.03,0.03,0.05,0.055,0.04,0.00976169071006346,0.0137630900813123,-0.0168980010173864,0.0562812712041821,-0.0264420421153423,0.242979182692441,-0.00257095895269539,-0.0003084952467998,200,300,0.115524530093324,0,0.1,1,0.8,0.8,1.02222222222222,1,0.00132072128366989,0.00665547313845227,0.000556556570345812,0.00116190531483396
0.065,0.065,0.065,0.07,0.055,0.02,0.065,0.07,0.05,-0.00388151546052127,0.0146178220305698,0.023464118985946,0.0187208927680145,0.057646423277725,0.12484883505694,0.00526975247368919,0.00602910326653805,200,300,0.0192540883488874,0.1,0.1,1,0.8,0.8,1.02222222222222,1,5.46849814790917e-05,0.000403519503091587,2.66038579375127e-05,9.54614088470862e-05
0.05,0.05,0.07,0.045,0.035,0.035,0.05,0.015,0.025,0.0108091132452493,0.0165776985015656,0.0119760015228713,0.0331771607094668,-0.00686131330705092,0.21997414393168,-0.00178451228654132,-0.00331297413280939,200,300,0.0577622650466621,0.1,0.1,1,0.8,0.8,1.02222222222222,1,0.000418920004820578,0.00264144256733978,0.000192685106074952,0.000556556570345812
0.065,0.065,0.075,0.07,0.06,0.04,0.065,0.05,0.06,0.00696313527305222,0.0183326948418799,-0.000710762109466649,0.0523852913262825,-0.00453029529767307,0.265796940536128,-0.00107023183205547,-8.23137275959006e-05,200,300,0.115524530093324,0.1,0.1,1,0.8,0.8,1.02222222222222,1,0.00132072128366989,0.00665547313845227,0.000556556570345812,0.00116190531483396
0.02,0.02,0.06,0.035,0.045,0.02,0.02,0.06,0.045,0.0105404578622023,0.0182625670661017,0.00476738848592686,0.0176394466107792,-0.00968526109626722,0.118439924098559,0.00135857363123277,-0.00627974008706749,200,300,0.0192540883488874,0.3,0.1,1,0.8,0.8,1.02222222222222,1,5.46849814790917e-05,0.000403519503091587,2.66038579375127e-05,9.54614088470862e-05
0.045,0.045,0.045,0.06,0.055,0.035,0.04,0.05,0.07,0.0027957995783667,0.0217378134202671,0.0185629368849016,0.0397750285486998,0.0185358013169192,0.26971333575049,0.00242620484182258,-0.000176858733784957,200,300,0.0577622650466621,0.3,0.1,1,0.8,0.8,1.02222222222222,1,0.000418920004820578,0.00264144256733978,0.000192685106074952,0.000556556570345812
0.045,0.045,0.05,0.045,0.05,0.025,0.045,0.07,0.055,-0.0160423686405913,0.0176905945602188,0.0414162489423126,0.0617760333101872,0.0953148581030068,0.270699265214851,0.00731361510745027,0.00627010018596048,200,300,0.115524530093324,0.3,0.1,1,0.8,0.8,1.02222222222222,1,0.00132072128366989,0.00665547313845227,0.000556556570345812,0.00116190531483396
0.065,0.065,0.05,0.05,0.055,0.05,0.065,0.045,0.05,-0.0121422280486865,0.0142243984674245,0.00753113925831699,0.0183224788798781,0.0339950761326233,0.13492778208374,0.00250833667782021,0.00538004527351168,200,300,0.0192540883488874,0,0.3,1,0.8,0.8,1.08571428571429,1,0.000210544404896318,0.00155082480101676,0.000102365039597707,0.000366422804085942
0.03,0.03,0.03,0.02,0.045,0.005,0.025,0.06,0.055,-0.0129406763164868,0.0115417521694878,-0.011143129832776,0.0404960393772379,-0.00766920468405272,0.230389145655763,-0.00272778642110944,0.000894115326081707,200,300,0.0577622650466621,0,0.3,1,0.8,0.8,1.08571428571429,1,0.00160718055399478,0.0100822807833687,0.000737830701868947,0.0021160091467135
0.045,0.045,0.08,0.04,0.045,0.035,0.045,0.05,0.05,-0.00863993405156294,0.0129817185784348,-0.00859401630778558,0.0577575615436422,-0.0105173048720651,0.233974257083925,0.00106571303057335,-0.00175912535868422,200,300,0.115524530093324,0,0.3,1,0.8,0.8,1.08571428571429,1,0.00504114039168435,0.0251666400381474,0.0021160091467135,0.00435661404576826
0.035,0.035,0.05,0.02,0.07,0.03,0.035,0.06,0.08,0.00172124135151963,0.0149643483578608,-0.00830841248067348,0.0188323766410261,-0.0177561427918863,0.14542722228082,-0.0018105178591048,-0.00226127465485054,200,300,0.0192540883488874,0.1,0.3,1,0.8,0.8,1.08571428571429,1,0.000210544404896318,0.00155082480101676,0.000102365039597707,0.000366422804085942
0.045,0.045,0.045,0.04,0.04,0.03,0.045,0.075,0.06,-0.00723795785953718,0.0144495591933833,0.0165702343959096,0.0439365460557349,0.0487538308073183,0.253953927092211,0.00241980272246568,0.00376609382168998,200,300,0.0577622650466621,0.1,0.3,1,0.8,0.8,1.08571428571429,1,0.00160718055399478,0.0100822807833687,0.000737830701868947,0.0021160091467135
0.08,0.08,0.08,0.08,0.04,0.05,0.08,0.045,0.05,-0.0107157708034738,0.0177409905125385,-0.000370657344954974,0.0556248567626935,-0.00729823152910983,0.274283456064224,-0.00172497887417035,0.00134194150635152,200,300,0.115524530093324,0.1,0.3,1,0.8,0.8,1.08571428571429,1,0.00504114039168435,0.0251666400381474,0.0021160091467135,0.00435661404576826
0.055,0.055,0.055,0.065,0.05,0.035,0.05,0.055,0.065,-0.0077137441945821,0.0205204872849357,-0.0124661585437179,0.0163009663978605,-0.0323687264998328,0.121415410052352,-0.00278600936603352,-0.00373990451719888,200,300,0.0192540883488874,0.3,0.3,1,0.8,0.8,1.08571428571429,1,0.000210544404896318,0.00155082480101676,0.000102365039597707,0.000366422804085942
0.02,0.02,0.06,0.045,0.02,0.02,0.02,0.04,0.02,-0.00424988327473166,0.0163246086244736,0.0183998274953973,0.0351012299212414,0.0443315609390528,0.202761555826685,0.00396954061652518,0.00295637250754791,200,300,0.0577622650466621,0.3,0.3,1,0.8,0.8,1.08571428571429,1,0.00160718055399478,0.0100822807833687,0.000737830701868947,0.0021160091467135
0.055,0.055,0.065,0.06,0.055,0.045,0.055,0.06,0.06,-0.000159979269693502,0.0213231082610724,-0.00107208496364285,0.0693070838549721,-0.0154479853309582,0.31715345741982,-0.0026863418573496,0.00316379338899523,200,300,0.115524530093324,0.3,0.3,1,0.8,0.8,1.08571428571429,1,0.00504114039168435,0.0251666400381474,0.0021160091467135,0.00435661404576826
0.055,0.055,0.07,0.065,0.04,0.04,0.055,0.045,0.05,-0.030986323118864,0.0137624282187778,-0.00789360654613316,0.0149875943818142,-0.0179877887422723,0.110684820402612,-0.00159657169658222,-0.00077104873681514,200,300,0.0192540883488874,0,0.5,1,0.8,0.8,1.2,1,0.000489666639341912,0.0035952297820252,0.000237807786831135,0.000847563714893695
0.04,0.04,0.075,0.045,0.045,0.03,0.04,0.075,0.045,-0.0221011516211314,0.0138788762131969,-0.00783606219165852,0.0414677060784663,-0.0220030694749093,0.241507147719501,-0.00348447119193688,-0.0027856001985713,200,300,0.0577622650466621,0,0.5,1,0.8,0.8,1.2,1,0.00371417927468443,0.0230899886339859,0.00169933813427559,0.00481222957328986
0.075,0.075,0.08,0.06,0.065,0.04,0.075,0.1,0.065,-0.0447347241780464,0.0143226980331924,0.0201391380247023,0.0744762789529488,0.0318198418087974,0.29908889890591,-0.001332665153862,0.00322726489897368,200,300,0.115524530093324,0,0.5,1,0.8,0.8,1.2,1,0.011544994316993,0.0566977803821764,0.00481222957328986,0.0096707742535117
0.065,0.065,0.07,0.055,0.035,0.03,0.065,0.045,0.035,-0.0316419745793532,0.0146632612488322,0.00512895191639853,0.0167407618617017,-0.00288777571865334,0.11885900176893,-0.000236481880971476,-0.00430685729949884,200,300,0.0192540883488874,0.1,0.5,1,0.8,0.8,1.2,1,0.000489666639341912,0.0035952297820252,0.000237807786831135,0.000847563714893695
0.08,0.08,0.065,0.07,0.05,0.05,0.08,0.075,0.065,-0.0452312845937261,0.0155803602593844,0.012404303063036,0.0432010427148746,0.0505123907505089,0.269847529850437,0.00305066204055731,0.00946596791316005,200,300,0.0577622650466621,0.1,0.5,1,0.8,0.8,1.2,1,0.00371417927468443,0.0230899886339859,0.00169933813427559,0.00481222957328986
0.04,0.04,0.085,0.055,0.04,0.03,0.04,0.06,0.035,-0.0252925147897525,0.0142526260050856,-0.0116790378731071,0.0555308708522415,-0.0220031310710722,0.221439336876669,-0.00262811186069661,-0.00359430983066716,200,300,0.115524530093324,0.1,0.5,1,0.8,0.8,1.2,1,0.011544994316993,0.0566977803821764,0.00481222957328986,0.0096707742535117
0.075,0.075,0.045,0.055,0.08,0.045,0.075,0.045,0.05,-0.0250032740780155,0.0176994732227799,0.0185817229821491,0.0159824394276059,0.0497363313698652,0.125011147614641,0.0059914360659224,0.00511079861495024,200,300,0.0192540883488874,0.3,0.5,1,0.8,0.8,1.2,1,0.000489666639341912,0.0035952297820252,0.000237807786831135,0.000847563714893695
0.06,0.06,0.065,0.04,0.05,0.025,0.055,0.055,0.065,-0.0198351486814547,0.0167022206705359,0.0279463472945101,0.0409790981185664,0.0476844971102916,0.226286194556532,0.0060043386702907,0.00321575920675252,200,300,0.0577622650466621,0.3,0.5,1,0.8,0.8,1.2,1,0.00371417927468443,0.0230899886339859,0.00169933813427559,0.00481222957328986
0.055,0.055,0.075,0.045,0.055,0.04,0.055,0.06,0.04,-0.011020031745276,0.0200825930553217,-0.0107316862151079,0.0709570592292705,-0.0216783443956321,0.29756724804987,-0.00294766840891164,-0.000378614536109851,200,300,0.115524530093324,0.3,0.5,1,0.8,0.8,1.2,1,0.011544994316993,0.0566977803821764,0.00481222957328986,0.0096707742535117
0.165,0.165,0.135,0.11,0.1,0.1,0.165,0.04,0.045,0.0039209909368318,0.0109800728069505,-0.0133981095956892,0.0149836279953827,-0.0344082429287011,0.0964093242550136,-0.00242004202237547,-0.00267250258481069,200,300,0.0192540883488874,0,0.1,0.9,0.8,0.72,0.92,0.9,0.0322677520632402,0.120253420380415,0.0103735289965156,0.0186308921960289
0.105,0.105,0.14,0.115,0.085,0.06,0.105,0.07,0.08,0.00731582841661978,0.0100023605946163,-0.0053594359611746,0.0369249466524567,-0.0422127719142634,0.212138784458122,-0.00279420084755811,-0.00633293615306661,200,300,0.0577622650466621,0,0.1,0.9,0.8,0.72,0.92,0.9,0.0840865112761362,0.273724991469502,0.0250973095736422,0.0363678624723736
0.145,0.145,0.13,0.13,0.115,0.095,0.145,0.065,0.095,-0.00465612352079508,0.00869839987953091,-0.00456486756317462,0.0481173718529102,0.000982249138186142,0.212862361120587,0.00178870303573954,0.0016559897282223,200,300,0.115524530093324,0,0.1,0.9,0.8,0.72,0.92,0.9,0.136862495734751,0.369707483166559,0.0363678624723736,0.038246336498527
0.13,0.13,0.1,0.12,0.095,0.07,0.125,0.03,0.035,0.0095681961816007,0.0102646395451025,-0.000853789895968786,0.0133776451225765,-0.000553784610597745,0.0869536943978813,-0.00126830888293493,0.000459048112590167,200,300,0.0192540883488874,0.1,0.1,0.9,0.8,0.72,0.92,0.9,0.0322677520632402,0.120253420380415,0.0103735289965156,0.0186308921960289
0.155,0.155,0.13,0.16,0.12,0.135,0.155,0.04,0.12,-0.00730618465555539,0.0123699416420111,-0.00987526922624013,0.0359738634579274,0.0100558546576836,0.219279094676519,0.00123230841862179,0.00465096441578008,200,300,0.0577622650466621,0.1,0.1,0.9,0.8,0.72,0.92,0.9,0.0840865112761362,0.273724991469502,0.0250973095736422,0.0363678624723736
0.12,0.12,0.1,0.08,0.105,0.04,0.12,0.07,0.09,0.0119665770481239,0.0109334270759675,-0.0188864371351235,0.0580081957103385,-0.0539344803674043,0.242626919644901,-0.0065207041986862,-0.00481843776655176,200,300,0.115524530093324,0.1,0.1,0.9,0.8,0.72,0.92,0.9,0.136862495734751,0.369707483166559,0.0363678624723736,0.038246336498527
0.155,0.155,0.13,0.145,0.11,0.11,0.155,0.03,0.05,0.00574694224009317,0.0176914621766951,-0.00219455164458411,0.011295267995669,-0.0125237542609508,0.0941735464012869,-0.000907442806895458,-0.00250164040021053,200,300,0.0192540883488874,0.3,0.1,0.9,0.8,0.72,0.92,0.9,0.0322677520632402,0.120253420380415,0.0103735289965156,0.0186308921960289
0.075,0.075,0.08,0.075,0.055,0.06,0.065,0.075,0.075,0.0174002925833155,0.0150693563326535,-0.011959613973799,0.0391236252059348,-0.0425464208703431,0.232948118149569,-0.00175651704611826,-0.0059226048358878,200,300,0.0577622650466621,0.3,0.1,0.9,0.8,0.72,0.92,0.9,0.0840865112761362,0.273724991469502,0.0250973095736422,0.0363678624723736
0.13,0.13,0.075,0.09,0.135,0.1,0.13,0.135,0.13,0.00590049257322112,0.0166221386091116,0.00993074021498964,0.0663284727728462,0.0126256728716381,0.29555948018039,0.00191242797521234,-0.000573057766905127,200,300,0.115524530093324,0.3,0.1,0.9,0.8,0.72,0.92,0.9,0.136862495734751,0.369707483166559,0.0363678624723736,0.038246336498527
0.19,0.19,0.145,0.13,0.13,0.115,0.185,0.085,0.09,-0.00114253447979422,0.0114367802690514,-0.00952246065962195,0.0186861553336505,-0.034617455283578,0.143834680759302,-0.00266054950613422,-0.006068779867921,200,300,0.0192540883488874,0,0.3,0.9,0.8,0.72,0.977142857142857,0.9,0.0323950568364468,0.121198296782115,0.0104355862985627,0.0188553375152918
0.235,0.235,0.21,0.22,0.155,0.155,0.235,0.09,0.125,-0.0204520955257024,0.0119435235758496,0.0106535211408394,0.0394707431020462,0.0423889868077998,0.226108891889356,0.00618736232656225,0.00144692706807664,200,300,0.0577622650466621,0,0.3,0.9,0.8,0.72,0.977142857142857,0.9,0.0850731289756625,0.280052234002468,0.0255539437935669,0.0377185701427303
0.17,0.17,0.175,0.16,0.135,0.125,0.17,0.09,0.13,-0.0108786638957577,0.012399081342338,0.00390887487703698,0.0570176105502941,0.00192999527527792,0.269624471664607,0.00222810892233176,-0.00273834837556345,200,300,0.115524530093324,0,0.3,0.9,0.8,0.72,0.977142857142857,0.9,0.140026117001234,0.386168223338199,0.0377185701427303,0.0412041583424546
0.125,0.125,0.145,0.11,0.115,0.09,0.125,0.075,0.08,0.0036048276542003,0.0141683387902915,-0.00245005878675911,0.0175650724406869,-0.00783261927826517,0.122332341683604,-0.000230297167969898,-0.00202648582032993,200,300,0.0192540883488874,0.1,0.3,0.9,0.8,0.72,0.977142857142857,0.9,0.0323950568364468,0.121198296782115,0.0104355862985627,0.0188553375152918
0.185,0.185,0.165,0.175,0.15,0.105,0.18,0.05,0.07,-0.00105816129128823,0.0136909922626203,0.00908402744725936,0.0361232846826356,-0.00397042309109482,0.214665528085758,-0.000166862216268951,-0.00318491881152557,200,300,0.0577622650466621,0.1,0.3,0.9,0.8,0.72,0.977142857142857,0.9,0.0850731289756625,0.280052234002468,0.0255539437935669,0.0377185701427303
0.17,0.17,0.195,0.165,0.095,0.145,0.17,0.06,0.1,-0.0104586131186023,0.0116768061253405,-0.0204305640502392,0.0554359385120351,-0.0309502677807684,0.232923441575524,-0.00613029998598466,-0.000498732411474831,200,300,0.115524530093324,0.1,0.3,0.9,0.8,0.72,0.977142857142857,0.9,0.140026117001234,0.386168223338199,0.0377185701427303,0.0412041583424546
0.14,0.14,0.105,0.135,0.125,0.075,0.135,0.055,0.03,-0.00809851841585724,0.0165441071650539,-0.00291666238330511,0.0148123052414973,-0.0129976958873735,0.101747050133938,0.000101310476906736,-0.00396407305707538,200,300,0.0192540883488874,0.3,0.3,0.9,0.8,0.72,0.977142857142857,0.9,0.0323950568364468,0.121198296782115,0.0104355862985627,0.0188553375152918
0.11,0.11,0.11,0.08,0.075,0.07,0.105,0.07,0.09,-0.000761358948507702,0.0147581002873615,0.011236860195629,0.0338591762302025,0.0168678849561474,0.222494625557921,0.000236944732511551,-0.00394045505835961,200,300,0.0577622650466621,0.3,0.3,0.9,0.8,0.72,0.977142857142857,0.9,0.0850731289756625,0.280052234002468,0.0255539437935669,0.0377185701427303
0.1,0.1,0.13,0.115,0.08,0.07,0.1,0.08,0.085,0.00283872602083741,0.0145977598360138,-0.0075322703905755,0.0586156185553053,-0.0275430843235007,0.267346328002905,-0.00241859811991821,0.00156087326275669,200,300,0.115524530093324,0.3,0.3,0.9,0.8,0.72,0.977142857142857,0.9,0.140026117001234,0.386168223338199,0.0377185701427303,0.0412041583424546
0.2,0.2,0.195,0.17,0.11,0.1,0.2,0.04,0.04,-0.0179536630755215,0.010180493886929,-0.00686982098522626,0.014181360177064,-0.0292745135597551,0.104931950466295,-0.00201002028204436,-0.0048036250512841,200,300,0.0192540883488874,0,0.5,0.9,0.8,0.72,1.08,0.9,0.0326231569383131,0.122883664169667,0.0105466053174257,0.0192544200274138
0.21,0.21,0.215,0.155,0.15,0.16,0.21,0.095,0.1,-0.0243671970121328,0.0114841087783165,0.000470801241169778,0.0430437202624302,0.0043107171593212,0.250623737245972,0.00226166737902888,-0.00163691069508042,200,300,0.0577622650466621,0,0.5,0.9,0.8,0.72,1.08,0.9,0.0868251449983868,0.291143981150924,0.0263609631786382,0.0400631327801606
0.25,0.25,0.22,0.19,0.175,0.175,0.25,0.12,0.155,-0.0296579535624091,0.0115587356021536,0.017777425280411,0.0569859483159699,0.033059665511499,0.270154749152451,0.00126002527828067,0.00417750216647512,200,300,0.115524530093324,0,0.5,0.9,0.8,0.72,1.08,0.9,0.145571990575462,0.414345124686378,0.0400631327801606,0.0461617860273842
0.165,0.165,0.185,0.18,0.125,0.115,0.165,0.05,0.05,-0.0209092002396738,0.0104930290234163,-0.00445045752708293,0.0146462535234724,-0.0143132764734834,0.102259373042048,-0.00082937250789303,8.44113006671043e-05,200,300,0.0192540883488874,0.1,0.5,0.9,0.8,0.72,1.08,0.9,0.0326231569383131,0.122883664169667,0.0105466053174257,0.0192544200274138
0.185,0.185,0.18,0.15,0.155,0.115,0.185,0.07,0.085,-0.029536142102402,0.0114402617016557,0.0315700818163755,0.037546373943318,0.0794874876064801,0.207435938655251,0.00593906179299476,0.00423623488781369,200,300,0.0577622650466621,0.1,0.5,0.9,0.8,0.72,1.08,0.9,0.0868251449983868,0.291143981150924,0.0263609631786382,0.0400631327801606
0.19,0.19,0.205,0.17,0.14,0.125,0.19,0.095,0.14,-0.00455369066505271,0.0143527313488884,-0.0161578773344738,0.0594323435373214,-0.0676578260451993,0.292601335703571,-0.00956818055012254,-0.00730236155272849,200,300,0.115524530093324,0.1,0.5,0.9,0.8,0.72,1.08,0.9,0.145571990575462,0.414345124686378,0.0400631327801606,0.0461617860273842
0.11,0.11,0.13,0.095,0.08,0.095,0.11,0.065,0.04,0.00263707761622635,0.0155051146639293,-0.00338997594110126,0.0144693982363375,-0.0219964771442258,0.104578941661844,-0.000640339925531999,-0.00649551305434277,200,300,0.0192540883488874,0.3,0.5,0.9,0.8,0.72,1.08,0.9,0.0326231569383131,0.122883664169667,0.0105466053174257,0.0192544200274138
0.15,0.15,0.16,0.145,0.1,0.075,0.15,0.075,0.07,-0.0167946567165577,0.013946682744423,0.00501884953868864,0.0354284627640461,0.0226312487361683,0.212577056631712,0.004377401984722,0.00227491413425392,200,300,0.0577622650466621,0.3,0.5,0.9,0.8,0.72,1.08,0.9,0.0868251449983868,0.291143981150924,0.0263609631786382,0.0400631327801606
0.16,0.16,0.165,0.145,0.165,0.1,0.155,0.115,0.17,-0.0224963886883618,0.0155805212466304,0.0322172320398421,0.0597332945518246,0.0611556447318918,0.284391919904987,0.0058251272285185,0.00206872829513538,200,300,0.115524530093324,0.3,0.5,0.9,0.8,0.72,1.08,0.9,0.145571990575462,0.414345124686378,0.0400631327801606,0.0461617860273842
0.485,0.485,0.405,0.385,0.375,0.37,0.485,0.065,0.12,-0.00176116420828468,0.00780502943568417,-0.00572209846170753,0.0139865338075137,0.00632063597891929,0.105767267795419,-0.000751122701301836,0.00250648033132962,200,300,0.0192540883488874,0,0.1,0.8,0.8,0.64,0.817777777777778,0.8,0.064728711105043,0.241937773975138,0.0208411709164319,0.0376011784004064
0.515,0.515,0.435,0.435,0.415,0.42,0.51,0.11,0.235,-0.0106659895889891,0.00929796292782655,0.00995633887256405,0.032776565090734,0.0435550986860594,0.20147252784265,0.00405430970471668,0.00334809637126776,200,300,0.0577622650466621,0,0.1,0.8,0.8,0.64,0.817777777777778,0.8,0.169664008571582,0.556953118934194,0.0508831226174672,0.0747549036178605
0.51,0.51,0.43,0.425,0.395,0.385,0.51,0.22,0.325,0.00252009200500984,0.00889416638887663,0.00269610102095131,0.0504077149727974,-0.019054773919924,0.230247958675309,-0.0067507390011855,-0.0036218629376122,200,300,0.115524530093324,0,0.1,0.8,0.8,0.64,0.817777777777778,0.8,0.278476559467097,0.7638587447545,0.0747549036178605,0.0808413525452349
0.495,0.495,0.42,0.46,0.385,0.37,0.495,0.09,0.085,-0.0147709630618235,0.009235958427771,0.00256630462513408,0.0149160613857476,-0.00846786718537422,0.103594171916431,-0.000788219700785278,-0.0018246141287913,200,300,0.0192540883488874,0.1,0.1,0.8,0.8,0.64,0.817777777777778,0.8,0.064728711105043,0.241937773975138,0.0208411709164319,0.0376011784004064
0.465,0.465,0.4,0.41,0.385,0.325,0.465,0.125,0.165,-0.0013193676594644,0.0102852940542113,0.00360556023563733,0.0314157437526782,-0.00822273135433614,0.196509368795543,0.00102647778736803,-0.000282055074645353,200,300,0.0577622650466621,0.1,0.1,0.8,0.8,0.64,0.817777777777778,0.8,0.169664008571582,0.556953118934194,0.0508831226174672,0.0747549036178605
0.455,0.455,0.355,0.41,0.35,0.345,0.455,0.22,0.305,0.00160871486362744,0.0104531670049109,0.00134696218307805,0.0517024434753963,0.0149403576341747,0.251263787208681,0.00210797307085806,0.0040160849917041,200,300,0.115524530093324,0.1,0.1,0.8,0.8,0.64,0.817777777777778,0.8,0.278476559467097,0.7638587447545,0.0747549036178605,0.0808413525452349
0.395,0.395,0.345,0.35,0.3,0.325,0.39,0.095,0.13,-0.0144285332110057,0.0112905201018257,0.0126633188136571,0.0163338432232111,0.0285090962139194,0.107233958221037,0.00460143179857377,0.000600365417179289,200,300,0.0192540883488874,0.3,0.1,0.8,0.8,0.64,0.817777777777778,0.8,0.064728711105043,0.241937773975138,0.0208411709164319,0.0376011784004064
0.38,0.38,0.295,0.295,0.29,0.22,0.37,0.14,0.21,0.00542189963624637,0.0142874714612342,-0.00351073206975999,0.0369620032594102,0.00813349350208428,0.242050787116548,-0.00109545300759555,0.00459468904452752,200,300,0.0577622650466621,0.3,0.1,0.8,0.8,0.64,0.817777777777778,0.8,0.169664008571582,0.556953118934194,0.0508831226174672,0.0747549036178605
0.325,0.325,0.285,0.305,0.295,0.22,0.32,0.185,0.315,0.0162201957670096,0.0144800017691254,-0.032442072564635,0.061156641149718,-0.0462863846050026,0.296265687008589,-0.00550923834904799,-0.00132514046929833,200,300,0.115524530093324,0.3,0.1,0.8,0.8,0.64,0.817777777777778,0.8,0.278476559467097,0.7638587447545,0.0747549036178605,0.0808413525452349
0.5,0.5,0.44,0.41,0.395,0.36,0.49,0.09,0.115,-0.00100362114344045,0.00908921822586003,0.000171435452338424,0.0158459196872716,0.0186537573348772,0.115487391771309,-0.000454703377516308,0.00513212615569141,200,300,0.0192540883488874,0,0.3,0.8,0.8,0.64,0.868571428571429,0.8,0.0648301415778629,0.242696858055023,0.0208907557883459,0.0377825312969705
0.555,0.555,0.49,0.435,0.395,0.405,0.55,0.175,0.215,-0.00604321891965302,0.00792309688980136,0.00877060493066193,0.0401486544144784,-0.000381994483533323,0.229533840665781,0.00117641524158478,-0.00309453701398826,200,300,0.0577622650466621,0,0.3,0.8,0.8,0.64,0.868571428571429,0.8,0.170463136776407,0.56220242569845,0.0512562321203144,0.0758961212048063
0.57,0.57,0.485,0.525,0.46,0.495,0.57,0.26,0.44,-0.0186258948102847,0.00836335050042995,0.0216488758873493,0.0493632362674991,0.0518952870733629,0.230553022172689,0.00319542988912236,0.00357560130503124,200,300,0.115524530093324,0,0.3,0.8,0.8,0.64,0.868571428571429,0.8,0.281101212849225,0.77814899716078,0.0758961212048063,0.0835128516154212
0.52,0.52,0.445,0.455,0.39,0.41,0.52,0.07,0.1,-0.0109648413566416,0.00912482231044196,-0.0098052841185772,0.0146781907589705,-0.0219526691623094,0.102008385295573,-0.00196290802543722,-6.18757611410303e-05,200,300,0.0192540883488874,0.1,0.3,0.8,0.8,0.64,0.868571428571429,0.8,0.0648301415778629,0.242696858055023,0.0208907557883459,0.0377825312969705
0.47,0.47,0.395,0.415,0.4,0.365,0.47,0.16,0.26,-0.00168334098258499,0.010154322214539,-0.00822415076193588,0.0391710214864759,-0.0260413322982089,0.241409839890059,-0.00513638670111829,-0.000367109693793941,200,300,0.0577622650466621,0.1,0.3,0.8,0.8,0.64,0.868571428571429,0.8,0.170463136776407,0.56220242569845,0.0512562321203144,0.0758961212048063
0.45,0.45,0.41,0.405,0.335,0.33,0.45,0.19,0.305,-0.00215137182312213,0.0113947058391211,-0.0276427838069692,0.0557975696822132,-0.0530406949505669,0.253525137539548,-0.00800536706536672,-0.00331611336702901,200,300,0.115524530093324,0.1,0.3,0.8,0.8,0.64,0.868571428571429,0.8,0.281101212849225,0.77814899716078,0.0758961212048063,0.0835128516154212
0.33,0.33,0.295,0.29,0.27,0.24,0.33,0.075,0.09,0.000193411047618269,0.010202305914523,3.60159817663375e-05,0.0149046579022188,-0.0112262309584509,0.102852646845094,-0.00184793246127933,-0.00198674752698747,200,300,0.0192540883488874,0.3,0.3,0.8,0.8,0.64,0.868571428571429,0.8,0.0648301415778629,0.242696858055023,0.0208907557883459,0.0377825312969705
0.32,0.32,0.265,0.255,0.3,0.24,0.32,0.18,0.21,0.0100112320123536,0.0155921572555592,0.00412746050513558,0.0407678530953732,-0.0136874480401874,0.254103607249931,-0.000923830610924162,-0.00561732086205417,200,300,0.0577622650466621,0.3,0.3,0.8,0.8,0.64,0.868571428571429,0.8,0.170463136776407,0.56220242569845,0.0512562321203144,0.0758961212048063
0.355,0.355,0.26,0.3,0.33,0.27,0.35,0.24,0.315,0.00577650107200615,0.0136073405406716,0.00460419778529338,0.0647103689770785,-0.0165396236487139,0.316082662184279,-0.00195130306981295,-0.00269707911381069,200,300,0.115524530093324,0.3,0.3,0.8,0.8,0.64,0.868571428571429,0.8,0.281101212849225,0.77814899716078,0.0758961212048063,0.0835128516154212
